"state","county","latitude","longitude","readings","Region","id"
"Alabama","Madison",34.68767,-86.58637,9.24583333333333,"South","AL"
"Alabama","Etowah",33.993749,-85.991072,9.62649572649573,"South","AL"
"Alabama","Colbert",34.758781,-87.650562,8.81735537190083,"South","AL"
"Alabama","Tuscaloosa",33.18935,-87.484217,9.37606837606838,"South","AL"
"Alabama","Clay",33.281261,-85.802182,8.88760330578512,"South","AL"
"Alabama","Jefferson",33.499722,-86.924167,10.801244813278,"South","AL"
"Alabama","Talladega",33.279747,-86.349438,10.3448275862069,"South","AL"
"Alabama","Jefferson",33.331111,-87.003611,10.2049723756906,"South","AL"
"Alabama","Mobile",30.769941,-88.087526,8.76542056074766,"South","AL"
"Alabama","Jefferson",33.553056,-86.815,11.4074688796681,"South","AL"
"Alabama","Montgomery",32.40712,-86.256367,10.577245508982,"South","AL"
"Alabama","Jefferson",33.545278,-86.549167,10.5942148760331,"South","AL"
"Alabama","Baldwin",30.498001,-87.881412,9.20082644628099,"South","AL"
"Alabama","Morgan",34.518735,-86.976939,8.90826446280992,"South","AL"
"Alabama","Shelby",33.312927,-86.821104,9.48070175438597,"South","AL"
"Alabama","Houston",31.226359,-85.390768,8.7975,"South","AL"
"Alabama","Russell",32.4722,-85.0051,11.3225,"South","AL"
"Alabama","DeKalb",34.287627,-85.968298,9.27410714285714,"South","AL"
"Alaska","Matanuska-Susitna ",61.534163,-149.031655,6.25558925394548,"Northwest","AK"
"Alaska","Anchorage ",61.215027,-149.903111,4.91151680753138,"Northwest","AK"
"Alaska","Anchorage ",61.205861,-149.824602,6.74049822766571,"Northwest","AK"
"Alaska","Kenai Peninsula ",60.489167,-151.0693,0.949265534285714,"Northwest","AK"
"Alaska","Matanuska-Susitna ",61.598898,-149.10622,4.30356630013831,"Northwest","AK"
"Alaska","Fairbanks North Star ",64.762973,-147.310297,16.815625,"Northwest","AK"
"Alaska","Fairbanks North Star ",64.84569,-147.727413,11.1454545454545,"Northwest","AK"
"Alaska","Fairbanks North Star ",64.840672,-147.722461,11.1111111111111,"Northwest","AK"
"Alaska","Fairbanks North Star ",64.752336,-147.347208,10.4913461538462,"Northwest","AK"
"Alaska","Juneau ",58.388497,-134.567237,6.42253242286501,"Northwest","AK"
"Alaska","Anchorage ",61.3267,-149.569707,5.47266549476831,"Northwest","AK"
"Alaska","Matanuska-Susitna ",61.598796,-149.455255,5.79886169010417,"Northwest","AK"
"Arizona","Pinal",32.877583,-111.752222,9.6483606557377,"Southwest","AZ"
"Arizona","Maricopa",33.503833,-112.095767,8.15119555087719,"Southwest","AZ"
"Arizona","Maricopa",33.4265,-112.11814,11.585730467033,"Southwest","AZ"
"Arizona","Mohave",35.540017,-113.410782,3.73846153846154,"Southwest","AZ"
"Arizona","Yuma",32.690278,-114.61444,8.46315789473684,"Southwest","AZ"
"Arizona","Maricopa",33.48385,-112.14257,10.8237666818182,"Southwest","AZ"
"Arizona","Pima",32.322661,-111.038389,5.91074380165289,"Southwest","AZ"
"Arizona","Yavapai",34.595,-112.331,4.47457627118644,"Southwest","AZ"
"Arizona","Santa Cruz",31.337204,-110.936718,9.34545454545455,"Southwest","AZ"
"Arizona","Maricopa",33.57454,-112.19196,8.76841761813187,"Southwest","AZ"
"Arizona","Maricopa",33.41045,-111.86507,6.05055454198473,"Southwest","AZ"
"Arizona","Pima",32.29515,-110.9823,5.60742031391201,"Southwest","AZ"
"Arizona","Maricopa",33.56033,-112.06626,9.27193775416667,"Southwest","AZ"
"Arizona","Coconino",35.206111,-111.652777,5.40333333333333,"Southwest","AZ"
"Arizona","Pinal",33.421194,-111.503222,6.76581196581197,"Southwest","AZ"
"Arizona","Maricopa",33.40316,-112.07533,9.48976516753247,"Southwest","AZ"
"Arizona","Cochise",31.3492,-109.539683,6.71967213114754,"Southwest","AZ"
"Arizona","Pinal",33.01053,-111.97205,14.778813559322,"Southwest","AZ"
"Arizona","Apache",35.881974,-109.434003,2.823,"Southwest","AZ"
"Arizona","Maricopa",33.488242,-111.855654,6.63039215686274,"Southwest","AZ"
"Arizona","Maricopa",33.4124,-111.93473,9.49304920166667,"Southwest","AZ"
"Arkansas","Pope",35.259775,-93.10005,8.73157894736842,"Central","AR"
"Arkansas","Phillips",34.529766,-90.586049,9.33220338983051,"Central","AR"
"Arkansas","Jackson",35.637292,-91.188914,9.40086956521739,"Central","AR"
"Arkansas","Crittenden",35.197288,-90.193141,9.99918032786885,"Central","AR"
"Arkansas","Washington",36.1797,-94.116827,9.56698113207547,"Central","AR"
"Arkansas","Pulaski",34.756189,-92.281296,11.2376498800959,"Central","AR"
"Arkansas","Faulkner",35.105193,-92.427859,9.83033707865169,"Central","AR"
"Arkansas","Ashley",33.136862,-91.950377,9.95042016806723,"Central","AR"
"Arkansas","Union",33.220274,-92.669619,10.9447368421053,"Central","AR"
"Arkansas","Garland",34.469441,-93.000178,10.5649006622517,"Central","AR"
"Arkansas","Arkansas",34.518515,-91.55896,9.90632183908046,"Central","AR"
"Arkansas","Pulaski",34.729603,-92.243587,11.1578512396694,"Central","AR"
"Arkansas","Polk",34.583699,-94.226234,9.94745762711864,"Central","AR"
"Arkansas","Pulaski",34.681343,-92.328697,11.6410256410256,"Central","AR"
"California","San Diego",32.845467,-117.123894,8.84551724137931,"Southwest","CA"
"California","Humboldt",40.80178,-124.1621,5.81481481481481,"Southwest","CA"
"California","Mendocino",39.41174,-123.35264,7.13680167937853,"Southwest","CA"
"California","Humboldt",40.71528,-124.20139,6.86081283567416,"Southwest","CA"
"California","Humboldt",40.776944,-124.1775,6.17590361445783,"Southwest","CA"
"California","Marin",37.97231,-122.520004,8.06792908789625,"Southwest","CA"
"California","Imperial",32.79222,-115.56306,7.54830508474576,"Southwest","CA"
"California","Placer",38.93568,-121.09959,5.64277432341001,"Southwest","CA"
"California","Imperial",32.97833,-115.53917,8.04789915966387,"Southwest","CA"
"California","Shasta",40.6304,-122.4031,6.49814814814815,"Southwest","CA"
"California","Shasta",40.69184,-122.40179,5.176,"Southwest","CA"
"California","San Francisco",37.765946,-122.399044,8.13410252797704,"Southwest","CA"
"California","Shasta",40.549985,-122.382011,5.98135593220339,"Southwest","CA"
"California","Contra Costa",37.9604,-122.356811,7.2900099,"Southwest","CA"
"California","San Luis Obispo",35.256577,-120.669861,6.14427916475645,"Southwest","CA"
"California","San Luis Obispo",35.49158,-120.66804,6.04604165151515,"Southwest","CA"
"California","San Luis Obispo",35.03331,-120.584301,9.6699634971831,"Southwest","CA"
"California","Napa",38.310942,-122.296189,13.7172101842105,"Southwest","CA"
"California","Alameda",37.814781,-122.282347,7.03607542857143,"Southwest","CA"
"California","Colusa",39.021221,-122.281803,8.99163905753968,"Southwest","CA"
"California","Solano",38.102507,-122.237976,8.95536885034965,"Southwest","CA"
"California","Santa Barbara",34.949147,-120.43763,7.61076192561984,"Southwest","CA"
"California","San Mateo",37.482934,-122.20337,8.47579875913397,"Southwest","CA"
"California","Fresno",36.634225,-120.382331,7.06021337621024,"Southwest","CA"
"California","Alameda",37.743065,-122.169935,9.50535405524862,"Southwest","CA"
"California","Contra Costa",37.936013,-122.026154,6.68983050847458,"Southwest","CA"
"California","Colusa",39.202935,-122.017728,7.1728813559322,"Southwest","CA"
"California","Santa Cruz",36.983921,-121.989328,5.78494995492958,"Southwest","CA"
"California","Santa Clara",37.348497,-121.894898,9.44241033240997,"Southwest","CA"
"California","Butte",39.757371,-121.843286,8.43125,"Southwest","CA"
"California","Butte",39.761538,-121.84162,7.40769230769231,"Southwest","CA"
"California","Alameda",37.687526,-121.784217,6.54169626721763,"Southwest","CA"
"California","Yolo",38.66121,-121.73269,6.47096774193548,"Southwest","CA"
"California","Monterey",36.495767,-121.731571,5.66332187534247,"Southwest","CA"
"California","Madera",37.2136,-119.699065,7.82770144782609,"Southwest","CA"
"California","Monterey",36.69676,-121.637182,5.42275644603381,"Southwest","CA"
"California","Sutter",39.138773,-121.618549,6.94519774011299,"Southwest","CA"
"California","Kings",36.10218,-119.566954,16.5357142857143,"Southwest","CA"
"California","Santa Clara",36.999571,-121.574684,7.43912080736544,"Southwest","CA"
"California","Sacramento",38.558228,-121.492981,8.3218487394958,"Southwest","CA"
"California","Sacramento",38.556326,-121.458499,8.20082644628099,"Southwest","CA"
"California","Sacramento",38.613779,-121.368014,8.96258503401361,"Southwest","CA"
"California","San Benito",36.844096,-121.362121,4.83489540620592,"Southwest","CA"
"California","San Joaquin",37.950741,-121.268523,12.4696000259831,"Southwest","CA"
"California","Placer",38.745726,-121.266312,6.50166666666667,"Southwest","CA"
"California","San Joaquin",37.793231,-121.24872,8.02040645945946,"Southwest","CA"
"California","Monterey",36.209286,-121.126371,5.97729155571429,"Southwest","CA"
"California","Ventura",34.276362,-118.683757,9.35254237288136,"Southwest","CA"
"California","Nevada",39.234331,-121.056591,3.83,"Southwest","CA"
"California","Stanislaus",37.641583,-120.994622,11.8560818381579,"Southwest","CA"
"California","Plumas",39.937099,-120.938821,9.51428571428571,"Southwest","CA"
"California","Los Angeles",33.901389,-118.205,11.6947826086957,"Southwest","CA"
"California","Stanislaus",37.487981,-120.837005,14.7409295856354,"Southwest","CA"
"California","Calaveras",38.201852,-120.681567,6.97872345781466,"Southwest","CA"
"California","Kern",35.050551,-118.147294,6.59760172727273,"Southwest","CA"
"California","Los Angeles",34.671394,-118.131456,5.52777777777778,"Southwest","CA"
"California","Los Angeles",34.1326,-118.1272,10.2875,"Southwest","CA"
"California","San Luis Obispo",35.02083,-120.56388,8.07847982506887,"Southwest","CA"
"California","Orange",33.83062,-117.93845,10.814409221902,"Southwest","CA"
"California","Merced",37.308537,-120.480993,10.6747126436782,"Southwest","CA"
"California","Plumas",39.808333,-120.471667,13.0815533980583,"Southwest","CA"
"California","San Bernardino",34.037222,-117.69,12.405,"Southwest","CA"
"California","Merced",37.281598,-120.434992,10.944483035014,"Southwest","CA"
"California","Kern",35.62109,-117.67296,5.27169811320755,"Southwest","CA"
"California","Riverside",33.995638,-117.493304,15.1168831168831,"Southwest","CA"
"California","San Bernardino",34.10002,-117.49201,12.9585585585586,"Southwest","CA"
"California","Nevada",39.338504,-120.171291,5.48070175438597,"Southwest","CA"
"California","Madera",36.953256,-120.034203,15.8048702561151,"Southwest","CA"
"California","San Diego",33.217025,-117.396158,10.8122163551136,"Southwest","CA"
"California","Fresno",36.785322,-119.774174,13.1141381474423,"Southwest","CA"
"California","Fresno",36.781333,-119.77319,42.55194152,"Southwest","CA"
"California","San Bernardino",34.10688,-117.27411,11.7626168224299,"Southwest","CA"
"California","Fresno",36.72639,-119.733,14.2162790697674,"Southwest","CA"
"California","Fresno",36.819111,-119.717356,15.5205518187919,"Southwest","CA"
"California","Inyo",36.487823,-117.871036,7.32131987681159,"Southwest","CA"
"California","Santa Barbara",34.427775,-119.691218,8.5603539352518,"Southwest","CA"
"California","Kings",36.314399,-119.64457,14.7513166759777,"Southwest","CA"
"California","San Diego",33.127711,-117.075325,10.5741666666667,"Southwest","CA"
"California","Tulare",36.332179,-119.291228,14.7632478632479,"Southwest","CA"
"California","Ventura",34.448048,-119.231321,9.72596996927803,"Southwest","CA"
"California","Ventura",34.252378,-119.143176,8.70020469786096,"Southwest","CA"
"California","Sonoma",38.443503,-122.710169,8.21270109393064,"Southwest","CA"
"California","Kern",35.356092,-119.041209,12.8165,"Southwest","CA"
"California","Kern",35.322928,-118.999167,14.6521008403361,"Southwest","CA"
"California","Ventura",34.210154,-118.870496,9.53325714192708,"Southwest","CA"
"California","San Diego",32.725226,-116.365203,3.34628099173554,"Southwest","CA"
"California","Ventura",34.404268,-118.809946,9.7060912204611,"Southwest","CA"
"California","San Diego",32.836461,-117.128752,7.82608695652174,"Southwest","CA"
"California","Los Angeles",34.19925,-118.53276,10.3890909090909,"Southwest","CA"
"California","Los Angeles",34.17605,-118.31712,12.1538028169014,"Southwest","CA"
"California","Los Angeles",34.06659,-118.22688,12.5535353535354,"Southwest","CA"
"California","Imperial",32.676186,-115.484144,15.189696969697,"Southwest","CA"
"California","Los Angeles",33.82376,-118.18921,10.3896848137536,"Southwest","CA"
"California","Los Angeles",33.79236,-118.17533,10.5102941176471,"Southwest","CA"
"California","Riverside",33.94603,-117.40063,11.3086538461538,"Southwest","CA"
"California","Los Angeles",34.1365,-117.92391,11.2789915966387,"Southwest","CA"
"California","Siskiyou",41.726892,-122.633579,5.73898305084746,"Southwest","CA"
"California","Los Angeles",34.01194,-118.06995,11.8613445378151,"Southwest","CA"
"California","San Diego",32.842242,-116.768225,7.55359379228487,"Southwest","CA"
"California","Riverside",33.447867,-117.088649,6.41046708443272,"Southwest","CA"
"California","Riverside",33.70853,-116.21537,7.4515625,"Southwest","CA"
"California","San Diego",32.701492,-117.149653,11.0886627906977,"Southwest","CA"
"California","Orange",33.63003,-117.67593,7.91951219512195,"Southwest","CA"
"California","San Bernardino",34.264444,-116.864444,8.28076923076923,"Southwest","CA"
"California","Mendocino",39.15047,-123.20655,4.96442963232964,"Southwest","CA"
"California","Lake",39.0327,-122.92229,3.91666666666667,"Southwest","CA"
"California","Riverside",33.99958,-117.41601,13.2943488943489,"Southwest","CA"
"California","San Diego",33.362593,-117.09023,9.54169020117351,"Southwest","CA"
"California","San Diego",32.631231,-117.059075,10.2714285714286,"Southwest","CA"
"California","San Bernardino",34.510014,-117.331433,6.72164948453608,"Southwest","CA"
"California","San Diego",32.791194,-116.942092,10.5269565217391,"Southwest","CA"
"California","Riverside",33.945,-116.83,9.6320107965451,"Southwest","CA"
"California","Riverside",33.85275,-116.54101,6.58547008547009,"Southwest","CA"
"Colorado","Boulder",40.021097,-105.263382,6.51456310679612,"Southwest","CO"
"Colorado","Weld",40.414877,-104.70693,8.09417475728155,"Southwest","CO"
"Colorado","Larimer",40.571288,-105.079693,7.53047619047619,"Southwest","CO"
"Colorado","Denver",39.704005,-104.998113,8.2,"Southwest","CO"
"Colorado","Montezuma",37.350054,-108.592334,5.62333333333333,"Southwest","CO"
"Colorado","Arapahoe",39.604399,-105.019526,6.76764705882353,"Southwest","CO"
"Colorado","Rio Blanco",40.086944,-108.761389,10.2873228015038,"Southwest","CO"
"Colorado","El Paso",38.848014,-104.828564,7.12788461538462,"Southwest","CO"
"Colorado","Douglas",39.534488,-105.070358,6.14285714285714,"Southwest","CO"
"Colorado","Garfield",39.43806,-108.02611,2.48926220588235,"Southwest","CO"
"Colorado","Weld",40.209387,-104.82405,8.42727272727273,"Southwest","CO"
"Colorado","Boulder",40.164576,-105.100856,7.19705882352941,"Southwest","CO"
"Colorado","La Plata",37.13678,-107.62863,4.21505376344086,"Southwest","CO"
"Colorado","Denver",39.751184,-104.987625,8.03760683760684,"Southwest","CO"
"Colorado","Pueblo",38.276099,-104.597613,6.89038461538462,"Southwest","CO"
"Colorado","Denver",39.77949,-105.00518,7.07575757575758,"Southwest","CO"
"Colorado","Mesa",39.063798,-108.561173,7.32549019607843,"Southwest","CO"
"Colorado","Denver",39.781083,-104.95665,7.91304347826087,"Southwest","CO"
"Colorado","Adams",39.826007,-104.937438,8.26709677419355,"Southwest","CO"
"Colorado","La Plata",37.10258,-107.870219,3.89583333333333,"Southwest","CO"
"Connecticut","Fairfield",41.399167,-73.443056,8.39406779661017,"Northeast","CT"
"Connecticut","Litchfield",41.821342,-73.297257,5.53416666666667,"Northeast","CT"
"Connecticut","New London",41.524167,-72.076667,7.61196581196581,"Northeast","CT"
"Connecticut","Fairfield",41.1125,-73.407222,8.55663716814159,"Northeast","CT"
"Connecticut","Fairfield",41.118333,-73.336667,8.01504424778761,"Northeast","CT"
"Connecticut","New Haven",41.310833,-72.916944,9.27008547008547,"Northeast","CT"
"Connecticut","Fairfield",41.170833,-73.194722,9.26140350877193,"Northeast","CT"
"Connecticut","New Haven",41.550556,-73.043611,8.36705202312139,"Northeast","CT"
"Connecticut","Hartford",41.7425,-72.634444,8.41680672268908,"Northeast","CT"
"Connecticut","Hartford",41.784722,-72.631667,7.31823361823362,"Northeast","CT"
"Connecticut","New Haven",41.3014,-72.902871,8.36057692307692,"Northeast","CT"
"Delaware","New Castle",39.739444,-75.558056,11.0650134733242,"Mid-Atlantic","DE"
"Delaware","Kent",38.986672,-75.5568,8.11780879657388,"Mid-Atlantic","DE"
"Delaware","New Castle",39.761111,-75.491944,9.34871794871795,"Mid-Atlantic","DE"
"Delaware","New Castle",39.691962,-75.761299,9.47909090909091,"Mid-Atlantic","DE"
"Delaware","Sussex",38.6539,-75.6106,8.27130434782609,"Mid-Atlantic","DE"
"Delaware","New Castle",39.5513,-75.732,8.50630630630631,"Mid-Atlantic","DE"
"Delaware","Kent",39.155,-75.518056,8.25384615384615,"Mid-Atlantic","DE"
"District Of Columbia","District of Columbia",38.921847,-77.013178,10.8390820193766,NA,NA
"District Of Columbia","District of Columbia",38.895572,-76.958072,9.78610271903323,NA,NA
"District Of Columbia","District of Columbia",38.876255,-77.034059,9.82410714285714,NA,NA
"Florida","Brevard",28.053611,-80.628611,6.19506172839506,"Southeast","FL"
"Florida","Duval",30.354722,-81.547778,7.51328125,"Southeast","FL"
"Florida","Escambia",30.525367,-87.20355,8.2765306122449,"Southeast","FL"
"Florida","Palm Beach",26.456944,-80.092778,6.44810126582278,"Southeast","FL"
"Florida","Pinellas",27.785866,-82.739875,6.83494423791822,"Southeast","FL"
"Florida","Citrus",28.980556,-82.7,6.92020202020202,"Southeast","FL"
"Florida","Broward",26.083143,-80.237586,7.01198630136986,"Southeast","FL"
"Florida","Volusia",29.206667,-81.0525,6.68048780487805,"Southeast","FL"
"Florida","Polk",28.028889,-81.972222,7.05747126436782,"Southeast","FL"
"Florida","Leon",30.439722,-84.346389,8.86521739130435,"Southeast","FL"
"Florida","Lee",26.602016,-81.877908,6.8980198019802,"Southeast","FL"
"Florida","Broward",26.294167,-80.176389,7.35373134328358,"Southeast","FL"
"Florida","Palm Beach",26.724444,-80.666667,8.37580198189415,"Southeast","FL"
"Florida","Broward",26.292025,-80.09647,7.98421052631579,"Southeast","FL"
"Florida","Sarasota",27.290556,-82.507222,7.13846153846154,"Southeast","FL"
"Florida","Duval",30.356339,-81.635396,8.05474137931034,"Southeast","FL"
"Florida","Pinellas",27.986283,-82.78215,7.05833333333333,"Southeast","FL"
"Florida","Hillsborough",27.96565,-82.2304,7.04384057971015,"Southeast","FL"
"Florida","Duval",30.135556,-81.634167,7.4835,"Southeast","FL"
"Florida","Miami-Dade",25.941944,-80.326389,7.28395061728395,"Southeast","FL"
"Florida","Miami-Dade",25.471944,-80.482778,6.6963133640553,"Southeast","FL"
"Florida","Miami-Dade",25.794222,-80.215556,7.64084507042254,"Southeast","FL"
"Florida","Palm Beach",26.730833,-80.233889,7.42652895525998,"Southeast","FL"
"Florida","Seminole",28.746111,-81.310556,7.47272727272727,"Southeast","FL"
"Florida","Orange",28.596389,-81.3625,6.48528301886792,"Southeast","FL"
"Florida","Alachua",29.706111,-82.387778,7.21382978723404,"Southeast","FL"
"Georgia","Wilkinson",32.881829,-83.333775,10.9935779816514,"Southeast","GA"
"Georgia","Clarke",33.918067,-83.344495,9.31386138613861,"Southeast","GA"
"Georgia","Chatham",32.092957,-81.14399,10.1952830188679,"Southeast","GA"
"Georgia","Lowndes",30.848056,-83.294444,8.52427184466019,"Southeast","GA"
"Georgia","Fulton",33.819564,-84.389708,10.1929936305732,"Southeast","GA"
"Georgia","Muscogee",32.483543,-84.980977,10.8951923076923,"Southeast","GA"
"Georgia","Gwinnett",33.96127,-84.06901,10.5591666666667,"Southeast","GA"
"Georgia","Clayton",33.609867,-84.391028,10.7224137931034,"Southeast","GA"
"Georgia","Richmond",33.469164,-81.991426,10.6931297709924,"Southeast","GA"
"Georgia","Paulding",33.9285,-85.04534,8.81592920353982,"Southeast","GA"
"Georgia","Richmond",33.433349,-82.022217,10.45,"Southeast","GA"
"Georgia","Hall",34.30008,-83.81217,9.29210526315789,"Southeast","GA"
"Georgia","DeKalb",33.901389,-84.279903,10.0602409638554,"Southeast","GA"
"Georgia","Cobb",34.015482,-84.607407,10.15,"Southeast","GA"
"Georgia","Walker",34.97889,-85.30098,10.5451923076923,"Southeast","GA"
"Georgia","DeKalb",33.68797,-84.29048,12.2486494451988,"Southeast","GA"
"Georgia","Dougherty",31.576917,-84.100194,11.1357723577236,"Southeast","GA"
"Georgia","Glynn",31.169735,-81.495881,7.41666666666667,"Southeast","GA"
"Georgia","Bibb",32.805408,-83.543521,9.09633027522936,"Southeast","GA"
"Georgia","Houston",32.6056,-83.597907,9.52982456140351,"Southeast","GA"
"Georgia","Floyd",34.26054,-85.32333,10.5772727272727,"Southeast","GA"
"Georgia","Muscogee",32.42905,-84.9316,10.6530434782609,"Southeast","GA"
"Georgia","Washington",32.974881,-82.80876,9.80093457943925,"Southeast","GA"
"Georgia","Bibb",32.777455,-83.641096,11.363829787234,"Southeast","GA"
"Georgia","Fulton",33.80233,-84.435576,11.1770833333333,"Southeast","GA"
"Georgia","Cobb",33.89932,-84.661514,9.82689075630252,"Southeast","GA"
"Georgia","Muscogee",32.521302,-84.944795,10.2086206896552,"Southeast","GA"
"Georgia","Chatham",32.110759,-81.161847,9.25473684210526,"Southeast","GA"
"Hawaii","Maui",20.780997,-156.446373,6.43965336350575,"Southwest","HI"
"Hawaii","Kauai",21.949599,-159.36624,6.84102402945302,"Southwest","HI"
"Hawaii","Honolulu",21.303382,-157.871171,6.16244061419753,"Southwest","HI"
"Hawaii","Honolulu",21.30758,-157.85542,5.09193363778409,"Southwest","HI"
"Hawaii","Hawaii",19.2039,-155.480183,7.7211228232291,"Southwest","HI"
"Hawaii","Hawaii",19.509778,-155.913417,14.0789875993377,"Southwest","HI"
"Hawaii","Hawaii",19.977467,-155.798067,9.15304038684211,"Southwest","HI"
"Hawaii","Hawaii",19.117561,-155.778136,11.6478260155491,"Southwest","HI"
"Hawaii","Hawaii",19.717562,-155.11053,6.29152409326425,"Southwest","HI"
"Hawaii","Hawaii",19.555444,-155.102028,6.20302055176211,"Southwest","HI"
"Hawaii","Honolulu",21.392833,-157.969126,6.3192636943662,"Southwest","HI"
"Hawaii","Honolulu",21.323745,-158.088613,6.64317118742443,"Southwest","HI"
"Idaho","Franklin",42.013333,-111.809167,8.98440607650273,"Northwest","ID"
"Idaho","Shoshone",47.536389,-116.236667,14.6157582104283,"Northwest","ID"
"Idaho","Lemhi",45.181897,-113.890285,26.1873284185185,"Northwest","ID"
"Idaho","Bannock",42.978333,-112.455,9.19441074708171,"Northwest","ID"
"Indiana","Marion",39.758855,-86.115415,11.0745901639344,"Central","IN"
"Indiana","Porter",41.617558,-87.199248,12.5471719418605,"Central","IN"
"Indiana","Lake",41.678349,-87.508345,10.4719298245614,"Central","IN"
"Indiana","Marion",39.788903,-86.214628,13.5958321953932,"Central","IN"
"Indiana","Vanderburgh",38.013248,-87.577856,11.4091776744939,"Central","IN"
"Indiana","Spencer",38.167523,-86.983214,10.3512820512821,"Central","IN"
"Indiana","Vanderburgh",37.974436,-87.532289,11.0190476190476,"Central","IN"
"Indiana","Marion",39.774979,-86.12202,11.0512396694215,"Central","IN"
"Indiana","Lake",41.585496,-87.474486,11.0747480629371,"Central","IN"
"Indiana","Clark",38.277675,-85.740153,11.905487804878,"Central","IN"
"Indiana","Howard",40.485479,-86.132879,9.50909090909091,"Central","IN"
"Indiana","Elkhart",41.656905,-85.968372,12.0581323082374,"Central","IN"
"Indiana","Monroe",39.159383,-86.504762,7.98712000674536,"Central","IN"
"Indiana","Marion",39.811097,-86.114469,11.8879690074557,"Central","IN"
"Indiana","Greene",38.985578,-86.99012,10.0077586206897,"Central","IN"
"Indiana","Lake",41.598505,-87.342991,11.3387640449438,"Central","IN"
"Indiana","Floyd",38.308056,-85.834167,9.89718977812995,"Central","IN"
"Indiana","Lake",41.573239,-87.405905,12.1008196721311,"Central","IN"
"Indiana","Delaware",40.201141,-85.387999,9.86890756302521,"Central","IN"
"Indiana","Lake",41.60668,-87.304729,12.5260375517799,"Central","IN"
"Indiana","Madison",40.125703,-85.652184,10.6657106953468,"Central","IN"
"Indiana","Whitley",41.169646,-85.629292,8.72774991528545,"Central","IN"
"Indiana","Clark",38.393833,-85.664167,9.55378151260504,"Central","IN"
"Indiana","Allen",41.094965,-85.101816,13.6082769956635,"Central","IN"
"Indiana","LaPorte",41.707212,-86.891216,9.63931623931624,"Central","IN"
"Indiana","St. Joseph",41.696692,-86.214683,12.3252287974379,"Central","IN"
"Indiana","Lake",41.636127,-87.440843,10.7239316239316,"Central","IN"
"Indiana","Henry",40.009525,-85.523455,9.1271186440678,"Central","IN"
"Indiana","Marion",39.744993,-86.166464,12.3553719008264,"Central","IN"
"Indiana","Tippecanoe",40.431639,-86.8525,12.1135306326809,"Central","IN"
"Indiana","Vigo",39.48615,-87.401398,11.4605800068259,"Central","IN"
"Indiana","Dubois",38.391443,-86.92916,10.8016393442623,"Central","IN"
"Iowa","Polk",41.603159,-93.643118,9.18296089385475,"Central","IA"
"Iowa","Montgomery",40.969112,-95.044951,8.76806722689076,"Central","IA"
"Iowa","Scott",41.530011,-90.587611,9.84338028169014,"Central","IA"
"Iowa","Clinton",41.823283,-90.211982,10.7052631578947,"Central","IA"
"Iowa","Scott",41.550005,-90.600115,9.95983606557377,"Central","IA"
"Iowa","Linn",41.97677,-91.68766,9.52804532577904,"Central","IA"
"Iowa","Muscatine",41.400968,-91.067957,10.8011461318052,"Central","IA"
"Iowa","Van Buren",40.695078,-92.006318,8.53474576271186,"Central","IA"
"Iowa","Johnson",41.657232,-91.503478,9.60515151515152,"Central","IA"
"Iowa","Lee",40.400959,-91.391012,10.9108108108108,"Central","IA"
"Iowa","Black Hawk",42.501543,-92.316017,9.89583333333333,"Central","IA"
"Iowa","Woodbury",42.522355,-96.40021,9.74297520661157,"Central","IA"
"Iowa","Palo Alto",43.123704,-94.693518,8.67226890756302,"Central","IA"
"Iowa","Pottawattamie",41.264171,-95.896124,10.8,"Central","IA"
"Iowa","Scott",41.517772,-90.618755,10.4810975609756,"Central","IA"
"Iowa","Polk",41.603517,-93.7479,9.14827586206897,"Central","IA"
"Iowa","Muscatine",41.414388,-91.062605,10.2537190082645,"Central","IA"
"Iowa","Delaware",42.600834,-91.538493,9.02622950819672,"Central","IA"
"Iowa","Muscatine",41.419429,-91.070975,10.2231404958678,"Central","IA"
"Iowa","Scott",41.512077,-90.624044,10.3901639344262,"Central","IA"
"Iowa","Muscatine",41.4069,-91.0616,10.9172131147541,"Central","IA"
"Iowa","Clinton",41.874999,-90.177574,9.74504249291785,"Central","IA"
"Kansas","Shawnee",39.024265,-95.711275,8.57142857142857,"Central","KS"
"Kansas","Sedgwick",37.651114,-97.362212,9.33606557377049,"Central","KS"
"Kansas","Linn",38.135882,-94.731988,8.28166666666667,"Central","KS"
"Kansas","Sedgwick",37.659334,-97.297714,8.47459016393443,"Central","KS"
"Kansas","Wyandotte",39.117219,-94.635605,9.39337016574586,"Central","KS"
"Kansas","Johnson",38.974457,-94.687013,7.8904347826087,"Central","KS"
"Kansas","Johnson",38.838575,-94.746424,7.1301724137931,"Central","KS"
"Kansas","Sumner",37.47689,-97.366399,8.2198347107438,"Central","KS"
"Kansas","Wyandotte",39.046314,-94.694816,8.07583333333333,"Central","KS"
"Kansas","Sedgwick",37.702066,-97.314847,8.33722222222222,"Central","KS"
"Kentucky","McCracken",37.06636,-88.63774,9.94521739130435,"South","KY"
"Kentucky","Boyd",38.45934,-82.64041,10.1842975206612,"South","KY"
"Kentucky","Campbell",39.021881,-84.47445,10.5184979935897,"South","KY"
"Kentucky","Pulaski",37.09798,-84.61152,9.50625,"South","KY"
"Kentucky","Daviess",37.780776,-87.075307,10.8119658119658,"South","KY"
"Kentucky","Jefferson",38.06091,-85.89804,13.3024138700787,"South","KY"
"Kentucky","Jefferson",38.22876,-85.65452,12.3781573144476,"South","KY"
"Kentucky","Henderson",37.8712,-87.46375,10.382905982906,"South","KY"
"Kentucky","Christian",36.91171,-87.323337,9.92100840336134,"South","KY"
"Kentucky","Pike",37.4826,-82.53532,9.47773063321799,"South","KY"
"Kentucky","Fayette",38.06503,-84.49761,9.78050847457627,"South","KY"
"Kentucky","Carter",38.23887,-82.9881,8.26239316239316,"South","KY"
"Kentucky","Jefferson",38.23319,-85.81566,12.5058566335878,"South","KY"
"Kentucky","Hardin",37.705612,-85.852629,9.47264457074911,"South","KY"
"Kentucky","Warren",37.04926,-86.21487,9.93965517241379,"South","KY"
"Kentucky","Warren",37.035438,-86.250628,8.25245901639344,"South","KY"
"Kentucky","Bell",36.60843,-83.73694,10.3214285714286,"South","KY"
"Kentucky","Madison",37.738458,-84.284952,8.7672268907563,"South","KY"
"Louisiana","Ouachita",32.509713,-92.046093,9.20593220338983,"South","LA"
"Louisiana","Iberville",30.220556,-91.316111,8.60165289256198,"South","LA"
"Louisiana","Calcasieu",30.227778,-93.578333,7.98595041322314,"South","LA"
"Louisiana","Rapides",31.177638,-92.410611,8.48608695652174,"South","LA"
"Louisiana","Lafayette",30.2175,-92.051389,8.64273504273504,"South","LA"
"Louisiana","East Baton Rouge",30.46198,-91.17922,10.098555577634,"South","LA"
"Louisiana","Jefferson",29.883056,-90.083333,8.97786885245902,"South","LA"
"Louisiana","Iberville",30.219097,-91.062547,9.32950819672131,"South","LA"
"Louisiana","Tangipahoa",30.503056,-90.376944,8.77071428571429,"South","LA"
"Louisiana","Terrebonne",29.678883,-90.779967,7.68220338983051,"South","LA"
"Louisiana","Jefferson",30.043573,-90.275091,8.32254335260116,"South","LA"
"Louisiana","Calcasieu",30.177143,-93.214514,8.33870967741935,"South","LA"
"Louisiana","West Baton Rouge",30.500643,-91.213556,9.90873786407767,"South","LA"
"Louisiana","Caddo",32.471666,-93.794999,12.6068965517241,"South","LA"
"Louisiana","St. Bernard",29.94475,-89.976263,10.4303571428571,"South","LA"
"Maryland","Harford",39.410191,-76.296946,11.0767660842697,"Mid-Atlantic","MD"
"Maryland","Baltimore (City)",39.297733,-76.604603,11.4397544746589,"Mid-Atlantic","MD"
"Maryland","Dorchester",38.587525,-76.141006,7.39208483655914,"Mid-Atlantic","MD"
"Maryland","Garrett",39.70595,-79.012,7.88493829085457,"Mid-Atlantic","MD"
"Maryland","Anne Arundel",39.169533,-76.627933,10.1680672268908,"Mid-Atlantic","MD"
"Maryland","Kent",39.305021,-75.797317,10.7061561799163,"Mid-Atlantic","MD"
"Maryland","Baltimore",39.462029,-76.631673,8.90915032679739,"Mid-Atlantic","MD"
"Maryland","Prince George's",38.81194,-76.74417,7.84661654135338,"Mid-Atlantic","MD"
"Maryland","Montgomery",39.114313,-77.106876,10.2855188953975,"Mid-Atlantic","MD"
"Maryland","Baltimore (City)",39.28777,-76.546861,9.56936936936937,"Mid-Atlantic","MD"
"Maryland","Baltimore",39.310833,-76.474444,10.6698275862069,"Mid-Atlantic","MD"
"Maryland","Prince George's",39.055277,-76.878333,10.7957588389732,"Mid-Atlantic","MD"
"Maryland","Baltimore (City)",39.34465,-76.68538,9.34297520661157,"Mid-Atlantic","MD"
"Maryland","Cecil",39.701444,-75.860051,9.28561108077994,"Mid-Atlantic","MD"
"Maryland","Washington",39.564178,-77.720244,10.7962990647887,"Mid-Atlantic","MD"
"Massachusetts","Suffolk",42.3295,-71.0826,8.28448275862069,"Northeast","MA"
"Massachusetts","Worcester",42.263955,-71.794322,8.81623931623932,"Northeast","MA"
"Massachusetts","Berkshire",42.448009,-73.254108,8.49917355371901,"Northeast","MA"
"Massachusetts","Hampden",42.19438,-72.555112,7.76563876651982,"Northeast","MA"
"Massachusetts","Essex",42.474642,-70.970816,7.18114754098361,"Northeast","MA"
"Massachusetts","Worcester",42.260102,-71.798375,8.23,"Northeast","MA"
"Massachusetts","Hampden",42.108992,-72.590803,8.97217391304348,"Northeast","MA"
"Massachusetts","Plymouth",42.081936,-71.014739,7.8068085106383,"Northeast","MA"
"Massachusetts","Suffolk",42.348873,-71.097163,9.04,"Northeast","MA"
"Massachusetts","Essex",42.698215,-71.164413,7.83697478991597,"Northeast","MA"
"Massachusetts","Middlesex",42.62668,-71.362068,7.26428571428571,"Northeast","MA"
"Massachusetts","Hampden",42.105792,-72.597133,8.51344537815126,"Northeast","MA"
"Massachusetts","Suffolk",42.372122,-71.061741,8.73728813559322,"Northeast","MA"
"Massachusetts","Essex",42.770837,-71.10229,7.2675,"Northeast","MA"
"Massachusetts","Bristol",41.685707,-71.169235,7.13504273504273,"Northeast","MA"
"Massachusetts","Suffolk",42.3631,-71.0543,9.31388101983003,"Northeast","MA"
"Michigan","Kent",42.984173,-85.671339,9.34585635359116,"Central","MI"
"Michigan","Wayne",42.323341,-83.068473,7.76273509714286,"Central","MI"
"Michigan","Kent",42.956117,-85.679117,9.6483606557377,"Central","MI"
"Michigan","Kalamazoo",42.278067,-85.54189,9.67722222222222,"Central","MI"
"Michigan","Ingham",42.738618,-84.534633,8.65210084033613,"Central","MI"
"Michigan","Wayne",42.423063,-83.426263,9.61487603305785,"Central","MI"
"Michigan","Chippewa",46.493611,-84.364167,7.18230176869159,"Central","MI"
"Michigan","Washtenaw",42.240565,-83.599602,9.44655172413793,"Central","MI"
"Michigan","St. Clair",42.953336,-82.456229,9.37190082644628,"Central","MI"
"Michigan","Monroe",41.763889,-83.471944,9.38583333333333,"Central","MI"
"Michigan","Wayne",42.306674,-83.148754,12.036312849162,"Central","MI"
"Michigan","Wayne",42.302786,-83.10653,11.1467213114754,"Central","MI"
"Michigan","Wayne",42.335008,-83.109563,9.99411764705882,"Central","MI"
"Michigan","Oakland",42.463063,-83.183199,9.53057851239669,"Central","MI"
"Michigan","Wayne",42.43084,-83.000138,9.90819672131147,"Central","MI"
"Michigan","Bay",43.571391,-83.890721,7.73025210084034,"Central","MI"
"Michigan","Wayne",42.22862,-83.2082,10.0841225626741,"Central","MI"
"Michigan","Wayne",42.357808,-83.096033,9.99663865546218,"Central","MI"
"Michigan","Lenawee",41.995568,-83.946559,8.98583333333333,"Central","MI"
"Michigan","Allegan",42.767786,-86.148577,8.51229508196721,"Central","MI"
"Michigan","Genesee",43.047224,-83.670159,7.97583333333333,"Central","MI"
"Michigan","Missaukee",44.310555,-84.891865,5.92605042016807,"Central","MI"
"Michigan","Berrien",42.19779,-86.309694,8.71680672268907,"Central","MI"
"Michigan","Macomb",42.731394,-82.793463,8.74710743801653,"Central","MI"
"Michigan","Manistee",44.307,-86.242649,7.16923076923077,"Central","MI"
"Michigan","Wayne",42.187289,-83.153905,9.32016806722689,"Central","MI"
"Michigan","Ottawa",42.894451,-85.852734,8.9844262295082,"Central","MI"
"Michigan","Muskegon",43.233061,-86.23858,8.80416666666667,"Central","MI"
"Minnesota","Washington",45.02124,-92.77525,9.49021054983923,"Central","MN"
"Minnesota","Washington",45.02862,-92.78336,8.39156909797823,"Central","MN"
"Minnesota","Olmsted",43.996908,-92.450366,7.84282543600563,"Central","MN"
"Minnesota","Anoka",45.13768,-93.207615,7.83289476063183,"Central","MN"
"Minnesota","Hennepin",44.94805,-93.34315,8.79586776859504,"Central","MN"
"Minnesota","Stearns",45.549839,-94.13345,8.38367063764045,"Central","MN"
"Minnesota","Ramsey",44.95939,-93.03587,8.47611703204709,"Central","MN"
"Minnesota","Saint Louis",46.743657,-92.165998,5.59035087657431,"Central","MN"
"Minnesota","Hennepin",44.95366,-93.25821,8.38792132425742,"Central","MN"
"Minnesota","Lyon",44.4438,-95.81789,7.34074141446453,"Central","MN"
"Minnesota","Scott",44.791437,-93.512534,8.8075,"Central","MN"
"Minnesota","Ramsey",44.95072,-93.09827,9.88389830508475,"Central","MN"
"Minnesota","Saint Louis",47.523355,-92.536305,5.58487394957983,"Central","MN"
"Minnesota","Dakota",44.73846,-93.23725,9.27570093457944,"Central","MN"
"Minnesota","Cass",47.159942,-94.150987,4.05555555555556,"Central","MN"
"Minnesota","Saint Louis",46.81826,-92.08936,5.77718120805369,"Central","MN"
"Mississippi","Hancock",30.300833,-89.395916,9.32636363636364,"South","MS"
"Mississippi","DeSoto",34.82166,-89.98783,9.63644859813084,"South","MS"
"Mississippi","Lauderdale",32.364565,-88.731491,10.4127450980392,"South","MS"
"Mississippi","Grenada",33.834444,-89.792778,9.47478260869565,"South","MS"
"Mississippi","Hinds",32.33037,-90.166201,11.1056451081081,"South","MS"
"Mississippi","Hinds",32.385731,-90.1412,10.2460784313725,"South","MS"
"Mississippi","Jackson",30.378287,-88.53393,9.10582524271845,"South","MS"
"Mississippi","Jones",31.688638,-89.135115,10.5509202453988,"South","MS"
"Mississippi","Forrest",31.323639,-89.287167,10.9809523809524,"South","MS"
"Mississippi","Lee",34.264917,-88.766222,9.49885057471264,"South","MS"
"Mississippi","Harrison",30.390369,-89.049778,9.84224137931034,"South","MS"
"Missouri","Jefferson",38.448633,-90.39854,9.83412488785047,"Central","MO"
"Missouri","St. Louis City",38.656479,-90.189868,12.1106259405772,"Central","MO"
"Missouri","Jackson",39.104758,-94.570796,9.70487708598351,"Central","MO"
"Missouri","St. Louis City",38.656498,-90.198646,10.9325469856373,"Central","MO"
"Missouri","Saint Louis",38.650259,-90.350463,10.8647900561151,"Central","MO"
"Missouri","St. Louis City",38.542551,-90.263711,9.1163309890411,"Central","MO"
"Missouri","Buchanan",39.741694,-94.858584,10.7317547387964,"Central","MO"
"Missouri","Cass",38.75976,-94.57997,11.9952788433566,"Central","MO"
"Missouri","Cedar",37.69,-94.035,10.0324131498471,"Central","MO"
"Missouri","Clay",39.30309,-94.376623,9.04514379971989,"Central","MO"
"Missouri","Greene",37.199541,-93.284874,10.0908710130435,"Central","MO"
"Montana","Lewis and Clark",46.658762,-112.013089,10.5385464074492,"Northwest","MT"
"Montana","Ravalli",46.243621,-114.158889,23.7375565005903,"Northwest","MT"
"Montana","Silver Bow",46.002602,-112.501247,13.6153056674584,"Northwest","MT"
"Montana","Flathead",48.363694,-114.189272,8.48256407310705,"Northwest","MT"
"Montana","Fergus",47.048537,-109.455315,2.71201327906977,"Northwest","MT"
"Montana","Phillips",48.317507,-107.862471,3.31296980874317,"Northwest","MT"
"Montana","Missoula",47.012907,-114.224273,14.3649344182243,"Northwest","MT"
"Montana","Lincoln",48.391545,-115.553309,11.5155840421053,"Northwest","MT"
"Montana","Powder River",45.440295,-105.370283,10.0776415550661,"Northwest","MT"
"Montana","Missoula",46.842181,-114.021499,13.3425501450094,"Northwest","MT"
"Montana","Lewis and Clark",46.8505,-111.987164,6.45836443107221,"Northwest","MT"
"Montana","Richland",47.803392,-104.485552,9.09825087607362,"Northwest","MT"
"Montana","Rosebud",45.366151,-106.48982,9.45946085866983,"Northwest","MT"
"Nebraska","Lancaster",40.81259,-96.68302,8.55402298850575,"Central","NE"
"Nebraska","Scotts Bluff",41.876853,-103.656561,5.56836734693878,"Central","NE"
"Nebraska","Washington",41.551211,-96.146175,9.18053097345133,"Central","NE"
"Nebraska","Douglas",41.197847,-96.056686,11.7081081081081,"Central","NE"
"Nebraska","Douglas",41.247486,-95.973142,8.46438546499339,"Central","NE"
"Nebraska","Hall",40.942099,-98.364967,7.59411764705882,"Central","NE"
"Nebraska","Sarpy",41.133294,-95.956103,10.532320122449,"Central","NE"
"Nevada","Washoe",39.540917,-119.746761,9.07820019699042,"Southwest","NV"
"Nevada","Washoe",39.525083,-119.807717,5.98956503619442,"Southwest","NV"
"Nevada","Clark",36.19126,-115.12293,9.69894092307692,"Southwest","NV"
"Nevada","Clark",36.163959,-115.113916,10.6094574656716,"Southwest","NV"
"Nevada","Clark",36.141895,-115.078725,7.64966851821387,"Southwest","NV"
"Nevada","Clark",35.785671,-115.357048,5.12181818181818,"Southwest","NV"
"New Hampshire","Rockingham",42.862536,-71.380172,6.41717360429836,"Northeast","NH"
"New Hampshire","Grafton",43.629611,-72.309583,6.24820390381895,"Northeast","NH"
"New Hampshire","Belknap",43.566111,-71.496361,6.67719298245614,"Northeast","NH"
"New Hampshire","Cheshire",42.930472,-72.272389,8.72407338123167,"Northeast","NH"
"New Hampshire","Hillsborough",42.86175,-71.878389,4.33133272169811,"Northeast","NH"
"New Hampshire","Rockingham",43.075333,-70.748,6.66711990191898,"Northeast","NH"
"New Hampshire","Hillsborough",42.762056,-71.444583,8.19491525423729,"Northeast","NH"
"New Hampshire","Merrimack",43.13244,-71.458306,8.87897727272727,"Northeast","NH"
"New Jersey","Camden",39.934446,-75.125291,9.73066666666667,"Mid-Atlantic","NJ"
"New Jersey","Gloucester",39.830806,-75.284723,9.44628099173554,"Mid-Atlantic","NJ"
"New Jersey","Union",40.603943,-74.276174,9.66859504132231,"Mid-Atlantic","NJ"
"New Jersey","Bergen",40.852256,-73.973314,8.8051724137931,"Mid-Atlantic","NJ"
"New Jersey","Ocean",39.994908,-74.170447,7.81264705882353,"Mid-Atlantic","NJ"
"New Jersey","Union",40.673406,-74.213889,9.46495726495727,"Mid-Atlantic","NJ"
"New Jersey","Middlesex",40.472825,-74.422403,8.14594594594595,"Mid-Atlantic","NJ"
"New Jersey","Essex",40.720989,-74.192892,8.95431034482759,"Mid-Atlantic","NJ"
"New Jersey","Hudson",40.772793,-74.031718,10.7796610169492,"Mid-Atlantic","NJ"
"New Jersey","Morris",40.787628,-74.676301,7.45948275862069,"Mid-Atlantic","NJ"
"New Jersey","Warren",40.699207,-75.180525,9.08108108108108,"Mid-Atlantic","NJ"
"New Jersey","Hudson",40.725454,-74.05229,9.94963855421687,"Mid-Atlantic","NJ"
"New Jersey","Atlantic",39.36326,-74.431,8.22053571428571,"Mid-Atlantic","NJ"
"New Jersey","Camden",39.989036,-75.050008,8.98235294117647,"Mid-Atlantic","NJ"
"New Jersey","Passaic",40.918381,-74.168092,9.07881355932203,"Mid-Atlantic","NJ"
"New Jersey","Atlantic",39.464872,-74.448736,7.59159663865546,"Mid-Atlantic","NJ"
"New Jersey","Warren",40.92458,-75.067815,8.69085545722714,"Mid-Atlantic","NJ"
"New Jersey","Mercer",40.222411,-74.763167,8.76164383561644,"Mid-Atlantic","NJ"
"New Jersey","Union",40.64144,-74.208365,10.8269487750557,"Mid-Atlantic","NJ"
"New Jersey","Mercer",40.31239,-74.87266,7.79478260869565,"Mid-Atlantic","NJ"
"New Jersey","Morris",40.801211,-74.483433,7.86554621848739,"Mid-Atlantic","NJ"
"New Mexico","Bernalillo",35.0631,-106.578785,7.28706896551724,"Southwest","NM"
"New Mexico","Bernalillo",35.01708,-106.65739,11.4424184897959,"Southwest","NM"
"New Mexico","Bernalillo",35.1343,-106.5852,7.33414634146341,"Southwest","NM"
"New Mexico","Santa Fe",35.671111,-105.953611,4.77008547008547,"Southwest","NM"
"New Mexico","San Juan",36.774162,-108.165034,4.86037735849057,"Southwest","NM"
"New Mexico","Lea",32.726656,-103.122917,7.89519230769231,"Southwest","NM"
"New Mexico","Dona Ana",32.321944,-106.767778,6.66632653061224,"Southwest","NM"
"New York","Monroe",43.14618,-77.54817,8.72718446601942,"Northeast","NY"
"New York","Kings",40.71961,-73.94771,9.65045045045045,"Northeast","NY"
"New York","Onondaga",43.05235,-76.05921,7.22347826086957,"Northeast","NY"
"New York","Erie",42.876907,-78.809526,9.34491525423729,"Northeast","NY"
"New York","Niagara",43.08218,-79.00106,8.49072164948454,"Northeast","NY"
"New York","Bronx",40.81618,-73.902,10.1593220338983,"Northeast","NY"
"New York","Orange",41.49916,-74.00885,7.77387387387387,"Northeast","NY"
"New York","New York",40.7997,-73.93432,9.15474137931034,"Northeast","NY"
"New York","Richmond",40.63307,-74.13719,9.36574074074074,"Northeast","NY"
"New York","Suffolk",40.74529,-73.41919,7.95689655172414,"Northeast","NY"
"New York","Steuben",42.09142,-77.20978,6.75892857142857,"Northeast","NY"
"New York","Albany",42.64225,-73.75464,7.49779735682819,"Northeast","NY"
"New York","New York",40.71436,-73.99518,11.0296610169492,"Northeast","NY"
"New York","Bronx",40.83606,-73.92009,11.254,"Northeast","NY"
"New York","Essex",44.39308,-73.8589,4.40392156862745,"Northeast","NY"
"New York","Albany",42.68075,-73.75733,6.99047619047619,"Northeast","NY"
"New York","Chautauqua",42.29071,-79.58961,7.65044247787611,"Northeast","NY"
"New York","Queens",40.73614,-73.82153,8.50090634441088,"Northeast","NY"
"New York","New York",40.73,-73.98446,11.5436363636364,"Northeast","NY"
"New York","Bronx",40.8679,-73.87809,9.55583333333333,"Northeast","NY"
"North Carolina","Mecklenburg",35.2401,-80.785683,9.223125,"Mid-Atlantic","NC"
"North Carolina","McDowell",35.687406,-81.993808,9.07978142076503,"Mid-Atlantic","NC"
"North Carolina","Martin",35.81066,-76.906249,8.00611418481848,"Mid-Atlantic","NC"
"North Carolina","Wayne",35.369214,-77.993893,11.6380422100457,"Mid-Atlantic","NC"
"North Carolina","Mitchell",35.915278,-82.073333,8.34661016949152,"Mid-Atlantic","NC"
"North Carolina","Guilford",36.109167,-79.801111,8.46101694915254,"Mid-Atlantic","NC"
"North Carolina","Watauga",36.221944,-81.663056,7.54083333333333,"Mid-Atlantic","NC"
"North Carolina","Swain",35.434767,-83.442133,8.27896516182573,"Mid-Atlantic","NC"
"North Carolina","Jackson",35.466667,-83.278056,8.07111111111111,"Mid-Atlantic","NC"
"North Carolina","Forsyth",36.110556,-80.226667,8.87609329446064,"Mid-Atlantic","NC"
"North Carolina","Haywood",35.50575,-82.97918,8.93524590163934,"Mid-Atlantic","NC"
"North Carolina","Mecklenburg",35.3041,-80.88865,8.70432098765432,"Mid-Atlantic","NC"
"North Carolina","Duplin",34.954823,-77.960781,10.6786158383234,"Mid-Atlantic","NC"
"North Carolina","Rowan",35.551868,-80.395039,9.15388888888889,"Mid-Atlantic","NC"
"North Carolina","Alamance",36.089004,-79.407821,8.48474576271186,"Mid-Atlantic","NC"
"North Carolina","Pitt",35.63861,-77.35805,7.93135593220339,"Mid-Atlantic","NC"
"North Carolina","Johnston",35.590833,-78.461944,7.76752136752137,"Mid-Atlantic","NC"
"North Carolina","Montgomery",35.2632,-79.836613,7.93524590163934,"Mid-Atlantic","NC"
"North Carolina","Davidson",35.814444,-80.2625,10.3892561983471,"Mid-Atlantic","NC"
"North Carolina","Cumberland",35.041416,-78.953112,8.88,"Mid-Atlantic","NC"
"North Carolina","Caswell",36.307033,-79.467417,10.5992449376392,"Mid-Atlantic","NC"
"North Carolina","Mecklenburg",35.151283,-80.866983,9.41381215469613,"Mid-Atlantic","NC"
"North Carolina","Guilford",36.06866,-80.00705,8.55583333333333,"Mid-Atlantic","NC"
"North Carolina","Catawba",35.728889,-81.365556,9.37167630057803,"Mid-Atlantic","NC"
"North Carolina","Forsyth",36.026,-80.342,8.98,"Mid-Atlantic","NC"
"North Carolina","Wake",35.856111,-78.574167,9.32352249571603,"Mid-Atlantic","NC"
"North Carolina","New Hanover",34.364167,-77.838611,7.91144781144781,"Mid-Atlantic","NC"
"North Carolina","Buncombe",35.6075,-82.583333,8.61899441340782,"Mid-Atlantic","NC"
"North Carolina","Robeson",34.645,-78.99028,8.7,"Mid-Atlantic","NC"
"North Carolina","Gaston",35.253056,-81.153333,8.90508474576271,"Mid-Atlantic","NC"
"North Carolina","Wake",35.7288,-78.6802,8.24745762711864,"Mid-Atlantic","NC"
"North Carolina","Edgecombe",35.93355,-77.75007,7.92166666666667,"Mid-Atlantic","NC"
"North Carolina","Lenoir",35.231459,-77.568792,7.58032786885246,"Mid-Atlantic","NC"
"North Carolina","Chatham",35.757222,-79.159722,7.20847457627119,"Mid-Atlantic","NC"
"North Carolina","Durham",36.032944,-78.905417,8.30666666666667,"Mid-Atlantic","NC"
"North Dakota","Mercer",47.298611,-101.766944,5.06536587627551,"Central","ND"
"North Dakota","Dunn",47.3132,-102.5273,5.86099177761836,"Central","ND"
"North Dakota","Billings",46.8943,-103.37853,4.44333333333333,"Central","ND"
"North Dakota","Oliver",47.185833,-101.428056,6.03221893740458,"Central","ND"
"North Dakota","McKenzie",47.5812,-103.2995,6.99041627123288,"Central","ND"
"North Dakota","Burke",48.64193,-102.4018,7.22451179029957,"Central","ND"
"North Dakota","Burleigh",46.825425,-100.76821,6.19178220948181,"Central","ND"
"North Dakota","Cass",46.933754,-96.85535,7.00006902979738,"Central","ND"
"Ohio","Hamilton",39.2787,-84.36625,10.3258620689655,"Central","OH"
"Ohio","Franklin",39.92845,-82.98104,10.7721590909091,"Central","OH"
"Ohio","Lorain",41.463071,-82.114261,9.53898305084746,"Central","OH"
"Ohio","Athens",39.442165,-81.908827,8.63636363636364,"Central","OH"
"Ohio","Butler",39.472436,-84.394952,13.8694915254237,"Central","OH"
"Ohio","Hamilton",39.12886,-84.50404,10.5038888888889,"Central","OH"
"Ohio","Cuyahoga",41.446682,-81.662419,12.2641025641026,"Central","OH"
"Ohio","Hamilton",39.10492,-84.55117,11.6636363636364,"Central","OH"
"Ohio","Franklin",39.99875,-82.99344,10.6981981981982,"Central","OH"
"Ohio","Lucas",41.644067,-83.54616,9.98719512195122,"Central","OH"
"Ohio","Butler",39.4938,-84.3543,11.2033333333333,"Central","OH"
"Ohio","Clark",39.92882,-83.80949,10.3775,"Central","OH"
"Ohio","Cuyahoga",41.477011,-81.682383,12.3892105263158,"Central","OH"
"Ohio","Cuyahoga",41.492117,-81.678449,13.4367402210184,"Central","OH"
"Ohio","Preble",39.83562,-84.72049,9.36086956521739,"Central","OH"
"Ohio","Montgomery",39.760659,-84.187678,10.7977142857143,"Central","OH"
"Ohio","Franklin",40.084555,-82.81555,9.97333040515654,"Central","OH"
"Ohio","Hamilton",39.21487,-84.69086,10.559375,"Central","OH"
"Ohio","Mahoning",41.111126,-80.645062,10.5921052631579,"Central","OH"
"Ohio","Lucas",41.662567,-83.478333,10.0521739130435,"Central","OH"
"Ohio","Jefferson",40.36644,-80.61558,11.4553135077139,"Central","OH"
"Ohio","Summit",41.087956,-81.541611,10.0076271186441,"Central","OH"
"Ohio","Lawrence",38.508075,-82.659241,10.8947826086957,"Central","OH"
"Ohio","Jefferson",40.32207,-80.6063,10.1860869565217,"Central","OH"
"Ohio","Greene",39.80834,-83.88705,9.72386363636364,"Central","OH"
"Ohio","Cuyahoga",41.471782,-81.656792,11.36,"Central","OH"
"Ohio","Trumbull",41.231167,-80.801914,9.33684210526316,"Central","OH"
"Ohio","Franklin",40.0877,-82.959773,10.078813559322,"Central","OH"
"Ohio","Portage",41.1644,-81.2352,9.27166666666667,"Central","OH"
"Ohio","Scioto",38.75465,-82.917,9.8140350877193,"Central","OH"
"Ohio","Cuyahoga",41.55523,-81.575256,9.35213675213675,"Central","OH"
"Ohio","Mahoning",41.095938,-80.658516,10.0826086956522,"Central","OH"
"Ohio","Cuyahoga",41.39629,-81.818667,9.66371681415929,"Central","OH"
"Ohio","Butler",39.33839,-84.5666,10.7491525423729,"Central","OH"
"Ohio","Stark",40.800729,-81.373008,10.4620689655172,"Central","OH"
"Ohio","Hamilton",39.19433,-84.478974,12.2540229885057,"Central","OH"
"Ohio","Summit",41.063526,-81.468956,10.8872928176796,"Central","OH"
"Ohio","Medina",41.0604,-81.9239,10.6397257314488,"Central","OH"
"Ohio","Lake",41.726811,-81.242156,8.93121387283237,"Central","OH"
"Ohio","Stark",40.786878,-81.394186,11.9674816625917,"Central","OH"
"Ohio","Butler",39.478849,-84.407675,11.3689075630252,"Central","OH"
"Ohio","Allen",40.770944,-84.0539,10.0083333333333,"Central","OH"
"Ohio","Lucas",41.62057,-83.64226,9.95882352941176,"Central","OH"
"Oklahoma","Oklahoma",35.614131,-97.475083,9.41610169491525,"Central","OK"
"Oklahoma","Tulsa",36.204902,-95.976537,9.65724637681159,"Central","OK"
"Oklahoma","Pittsburg",34.90227,-95.784375,10.9193593827751,"Central","OK"
"Oklahoma","Oklahoma",35.47292,-97.52709,9.66969696969697,"Central","OK"
"Oklahoma","Sequoyah",35.40814,-94.524413,10.1017857142857,"Central","OK"
"Oklahoma","Kay",36.697274,-97.081321,10.1663868622449,"Central","OK"
"Oregon","Linn",44.3958,-122.7305,9.70714285714286,"Northwest","OR"
"Oregon","Klamath",42.190296,-121.731369,10.5591304347826,"Northwest","OR"
"Oregon","Lane",44.026312,-123.083737,6.25866666666667,"Northwest","OR"
"Oregon","Crook",44.299787,-120.844773,8.83583333333333,"Northwest","OR"
"Oregon","Lake",42.189215,-120.353969,10.4823529411765,"Northwest","OR"
"Oregon","Lane",43.744352,-122.480487,7.725,"Northwest","OR"
"Oregon","Harney",43.58925,-119.04872,8.56475409836066,"Northwest","OR"
"Oregon","Jackson",42.31411,-122.87923,9.03537414965986,"Northwest","OR"
"Oregon","Multnomah",45.496641,-122.602877,7.35833333333333,"Northwest","OR"
"Oregon","Lane",44.046696,-123.017704,5.49848484848485,"Northwest","OR"
"Oregon","Umatilla",45.652231,-118.823033,7.24193548387097,"Northwest","OR"
"Oregon","Lane",44.067224,-123.141352,6.45338983050847,"Northwest","OR"
"Oregon","Josephine",42.434139,-123.348466,6.94193548387097,"Northwest","OR"
"Oregon","Washington",45.528501,-122.972398,7.11842105263158,"Northwest","OR"
"Oregon","Lane",43.799501,-123.053487,6.76302521008403,"Northwest","OR"
"Pennsylvania","Beaver",40.747796,-80.316442,9.89646474751491,"Mid-Atlantic","PA"
"Pennsylvania","Allegheny",40.617488,-79.727664,10.4890909090909,"Mid-Atlantic","PA"
"Pennsylvania","Centre",40.811389,-77.877028,10.5726633318825,"Mid-Atlantic","PA"
"Pennsylvania","Allegheny",40.46542,-79.960757,10.0255639097744,"Mid-Atlantic","PA"
"Pennsylvania","Erie",42.14175,-80.038611,11.2807300570613,"Mid-Atlantic","PA"
"Pennsylvania","Washington",40.268963,-80.243995,8.80758620689655,"Mid-Atlantic","PA"
"Pennsylvania","Northampton",40.628056,-75.341111,12.0489219969231,"Mid-Atlantic","PA"
"Pennsylvania","Allegheny",40.402328,-79.860973,11.506,"Mid-Atlantic","PA"
"Pennsylvania","Armstrong",40.814183,-79.56475,9.69074594293866,"Mid-Atlantic","PA"
"Pennsylvania","Bucks",40.107222,-74.882222,10.8913817033816,"Mid-Atlantic","PA"
"Pennsylvania","Allegheny",40.323768,-79.868062,14.4050125313283,"Mid-Atlantic","PA"
"Pennsylvania","Allegheny",40.606624,-80.021669,8.66296296296296,"Mid-Atlantic","PA"
"Pennsylvania","Mercer",41.215014,-80.484779,12.3949634721088,"Mid-Atlantic","PA"
"Pennsylvania","Washington",40.146667,-79.902222,10.3887147294618,"Mid-Atlantic","PA"
"Pennsylvania","Northampton",40.645889,-75.404397,10.9760124610592,"Mid-Atlantic","PA"
"Pennsylvania","Philadelphia",39.960061,-75.142224,10.1774390243902,"Mid-Atlantic","PA"
"Pennsylvania","Cumberland",40.246528,-77.18675,11.6431531896552,"Mid-Atlantic","PA"
"Pennsylvania","Adams",39.92002,-77.30968,11.0030883116691,"Mid-Atlantic","PA"
"Pennsylvania","Washington",40.170556,-80.261389,10.5909264350337,"Mid-Atlantic","PA"
"Pennsylvania","Cambria",40.309722,-78.915,11.5552034927746,"Mid-Atlantic","PA"
"Pennsylvania","Washington",40.445278,-80.420833,6.68494455159705,"Mid-Atlantic","PA"
"Pennsylvania","Berks",40.38335,-75.9686,11.1049902559853,"Mid-Atlantic","PA"
"Pennsylvania","York",39.965278,-76.699444,10.1804025354108,"Mid-Atlantic","PA"
"Pennsylvania","Westmoreland",40.304694,-79.505667,10.6721704092332,"Mid-Atlantic","PA"
"Pennsylvania","Blair",40.535278,-78.370833,11.6605310854701,"Mid-Atlantic","PA"
"Pennsylvania","Chester",39.834461,-75.768242,9.78285145054945,"Mid-Atlantic","PA"
"Pennsylvania","Allegheny",40.375644,-80.169943,9.23888888888889,"Mid-Atlantic","PA"
"Pennsylvania","Allegheny",40.294341,-79.885331,9.41111111111111,"Mid-Atlantic","PA"
"Pennsylvania","Dauphin",40.246992,-76.846988,11.6037037037037,"Mid-Atlantic","PA"
"Pennsylvania","Philadelphia",39.944651,-75.165206,10.1830838323353,"Mid-Atlantic","PA"
"Pennsylvania","Lancaster",40.046667,-76.283333,12.6856735761354,"Mid-Atlantic","PA"
"Pennsylvania","Allegheny",40.499767,-80.071337,10.9522522522523,"Mid-Atlantic","PA"
"Pennsylvania","Monroe",41.08306,-75.32328,7.89085952698864,"Mid-Atlantic","PA"
"Pennsylvania","Delaware",39.835556,-75.3725,12.713678226209,"Mid-Atlantic","PA"
"Pennsylvania","Philadelphia",39.922867,-75.186921,10.3172307692308,"Mid-Atlantic","PA"
"Pennsylvania","Lackawanna",41.442778,-75.623056,8.39508529496403,"Mid-Atlantic","PA"
"Pennsylvania","Montgomery",40.112222,-75.309167,8.71782560671937,"Mid-Atlantic","PA"
"Pennsylvania","Philadelphia",40.035985,-75.002405,11.1352029146341,"Mid-Atlantic","PA"
"Pennsylvania","Philadelphia",40.008889,-75.09778,9.99574468085106,"Mid-Atlantic","PA"
"Pennsylvania","Lebanon",40.337328,-76.383447,14.1859498403483,"Mid-Atlantic","PA"
"Puerto Rico","Humacao",18.15344,-65.828617,5.32385321100917,NA,NA
"Puerto Rico","Fajardo",18.383983,-65.618888,4.35714285714286,NA,NA
"Puerto Rico","Ponce",18.009558,-66.627249,6.47037037037037,NA,NA
"Puerto Rico","Mayagnez",18.200099,-67.14588,6.22434782608696,NA,NA
"Puerto Rico","Guayanilla",18.045111,-66.802253,5.65714285714286,NA,NA
"Puerto Rico","Adjuntas",18.175378,-66.725988,5.18181818181818,NA,NA
"Puerto Rico","San Juan",18.449814,-66.05251,7.48588235294118,NA,NA
"Puerto Rico","Bayamon",18.39982,-66.171125,6.36637168141593,NA,NA
"Puerto Rico","Guayama",17.957894,-66.165016,5.44424778761062,NA,NA
"Puerto Rico","Guaynabo",18.440095,-66.11446,7.6,NA,NA
"Rhode Island","Providence",41.809235,-71.40743,7.79396551724138,"Northeast","RI"
"Rhode Island","Kent",41.615237,-71.72,6.11307002720207,"Northeast","RI"
"Rhode Island","Providence",41.841573,-71.36077,7.72353940203046,"Northeast","RI"
"Rhode Island","Providence",41.874668,-71.379971,9.93018867924528,"Northeast","RI"
"Rhode Island","Washington",41.49511,-71.423705,6.21434834285714,"Northeast","RI"
"Rhode Island","Providence",41.807776,-71.415105,7.66494396496815,"Northeast","RI"
"South Carolina","Greenville",34.751848,-82.256701,9.2811320754717,"Mid-Atlantic","SC"
"South Carolina","Spartanburg",34.955566,-81.924797,9.77787610619469,"Mid-Atlantic","SC"
"South Carolina","Florence",34.214263,-79.767347,9.25,"Mid-Atlantic","SC"
"South Carolina","Greenville",34.843895,-82.414585,9.97768115942029,"Mid-Atlantic","SC"
"South Carolina","Lexington",34.051017,-81.15495,10.0609090909091,"Mid-Atlantic","SC"
"South Carolina","Richland",34.093959,-80.962304,8.95357142857143,"Mid-Atlantic","SC"
"South Carolina","Edgefield",33.739963,-81.853635,8.87767857142857,"Mid-Atlantic","SC"
"South Carolina","Charleston",32.790984,-79.958694,7.70934844192635,"Mid-Atlantic","SC"
"South Carolina","Greenville",34.899141,-82.31307,9.82685185185185,"Mid-Atlantic","SC"
"South Carolina","Chesterfield",34.615367,-80.198787,8.25326086956522,"Mid-Atlantic","SC"
"South Carolina","Charleston",32.980254,-80.06501,8.65901234567901,"Mid-Atlantic","SC"
"South Carolina","Richland",33.991509,-81.024141,9.73861386138614,"Mid-Atlantic","SC"
"South Dakota","Union",42.850975,-96.747325,7.46840058757062,"Central","SD"
"South Dakota","Pennington",44.087397,-103.273777,6.19244993539326,"Central","SD"
"South Dakota","Custer",43.55764,-103.48386,4.93371020253165,"Central","SD"
"South Dakota","Brookings",44.310283,-96.80071,8.6198347107438,"Central","SD"
"South Dakota","Pennington",44.078352,-103.22824,5.78761061946903,"Central","SD"
"South Dakota","Union",42.751518,-96.707208,9.87726498333333,"Central","SD"
"South Dakota","Minnehaha",43.54792,-96.700769,6.28915558571429,"Central","SD"
"South Dakota","Brown",45.4625,-98.486111,7.53666666666667,"Central","SD"
"South Dakota","Minnehaha",43.544289,-96.726435,8.73524590163934,"Central","SD"
"South Dakota","Codington",44.89965,-97.128802,10.9396659576023,"Central","SD"
"South Dakota","Jackson",43.74561,-101.941218,4.18887479532967,"Central","SD"
"Tennessee","Hamilton",34.99438,-85.24293,10.0713114754098,"South","TN"
"Tennessee","Roane",35.9255,-84.51657,11.0390904362292,"South","TN"
"Tennessee","Roane",35.889824,-84.51713,11.2055549487179,"South","TN"
"Tennessee","Hamilton",35.233476,-85.181581,10.0206349206349,"South","TN"
"Tennessee","Roane",35.907121,-84.49709,12.9681966153846,"South","TN"
"Tennessee","Roane",35.902566,-84.524061,12.7270974616822,"South","TN"
"Tennessee","Hamilton",35.050918,-85.293019,9.95690376569038,"South","TN"
"Tennessee","Roane",35.916761,-84.503624,11.3930492784091,"South","TN"
"Texas","El Paso",31.765685,-106.455227,12.3550788820827,"Southwest","TX"
"Texas","Dallas",32.774262,-96.797686,10.6953703703704,"Southwest","TX"
"Texas","Harris",29.670025,-95.128508,9.86161127903469,"Southwest","TX"
"Texas","Bexar",29.275381,-98.311692,8.61333333333333,"Southwest","TX"
"Texas","El Paso",31.768291,-106.50126,7.35,"Southwest","TX"
"Texas","Travis",30.483168,-97.872301,7.71785714285714,"Southwest","TX"
"Texas","Travis",30.263208,-97.712883,10.142,"Southwest","TX"
"Texas","Ellis",32.482083,-97.026899,10.0921568627451,"Southwest","TX"
"Texas","Hidalgo",26.22621,-98.291069,10.26,"Southwest","TX"
"Texas","Nueces",27.811817,-97.465703,9.50545454545455,"Southwest","TX"
"Texas","Nueces",27.804505,-97.431582,10.1715976331361,"Southwest","TX"
"Texas","Tarrant",32.759143,-97.342334,10.5578947368421,"Southwest","TX"
"Texas","Harris",29.901036,-95.326137,11.2065573770492,"Southwest","TX"
"Texas","Bexar",29.51509,-98.620166,8.71833333333333,"Southwest","TX"
"Texas","Harris",29.733726,-95.257593,12.050243902439,"Southwest","TX"
"Texas","Harrison",32.668987,-94.167457,10.3728813559322,"Southwest","TX"
"Texas","Cameron",26.069615,-97.1622,9.84454545454545,"Southwest","TX"
"Texas","Harris",29.770698,-95.031232,10.6666666666667,"Southwest","TX"
"Texas","Dallas",32.820061,-96.860117,11.0812579221014,"Southwest","TX"
"Texas","Bowie",33.425758,-94.070802,10.5305084745763,"Southwest","TX"
"Texas","Tarrant",32.805818,-97.356568,10.4818181818182,"Southwest","TX"
"Utah","Utah",40.253611,-111.663056,8.08313953488372,"Southwest","UT"
"Utah","Salt Lake",40.708611,-112.094722,6.87310924369748,"Southwest","UT"
"Utah","Salt Lake",40.736389,-111.872222,8.32752808988764,"Southwest","UT"
"Utah","Weber",41.303614,-111.987871,7.33189655172414,"Southwest","UT"
"Utah","Box Elder",41.492707,-112.018863,6.87647058823529,"Southwest","UT"
"Utah","Uintah",40.452267,-109.510393,6.92894736842105,"Southwest","UT"
"Utah","Tooele",40.543309,-112.299618,5.86517857142857,"Southwest","UT"
"Utah","Washington",37.1983,-113.1506,6.55741343664122,"Southwest","UT"
"Utah","Uintah",39.868622,-109.097302,5.19458474462705,"Southwest","UT"
"Utah","Davis",40.902967,-111.884467,7.57950819672131,"Southwest","UT"
"Utah","Salt Lake",40.78422,-111.931,8.99081081081081,"Southwest","UT"
"Utah","Duchesne",40.294178,-110.009732,6.23013698630137,"Southwest","UT"
"Utah","Cache",41.731111,-111.8375,7.77668393782383,"Southwest","UT"
"Utah","Utah",40.341389,-111.713611,7.9622754491018,"Southwest","UT"
"Utah","Utah",40.136336,-111.660502,7.21176470588235,"Southwest","UT"
"Utah","Weber",41.206321,-111.975524,9.33119533527697,"Southwest","UT"
"Vermont","Bennington",42.88759,-73.24984,6.72429906542056,"Northeast","VT"
"Vermont","Chittenden",44.52839,-72.86884,4.54955752212389,"Northeast","VT"
"Vermont","Chittenden",44.480278,-73.214444,6.84144144144144,"Northeast","VT"
"Vermont","Rutland",43.608056,-72.982778,8.9304347826087,"Northeast","VT"
"Virgin Islands","St Croix",17.714444,-64.785278,4.9156862745098,NA,NA
"Virginia","Frederick",39.28102,-78.08157,9.81885245901639,"Mid-Atlantic","VA"
"Virginia","Bristol City",36.608,-82.1641,8.78852459016393,"Mid-Atlantic","VA"
"Virginia","Charles",37.34438,-77.25925,8.09568965517241,"Mid-Atlantic","VA"
"Virginia","Henrico",37.55652,-77.40027,8.65529157667387,"Mid-Atlantic","VA"
"Virginia","Fairfax",38.77335,-77.10468,8.74450867052023,"Mid-Atlantic","VA"
"Virginia","Rockingham",38.47753,-78.81952,8.80084745762712,"Mid-Atlantic","VA"
"Virginia","Arlington",38.8577,-77.05922,9.43119658119658,"Mid-Atlantic","VA"
"Virginia","Lynchburg City",37.332706,-79.215011,7.60347826086957,"Mid-Atlantic","VA"
"Virginia","Roanoke City",37.297167,-79.955733,9.07492795389049,"Mid-Atlantic","VA"
"Virginia","Loudoun",39.02473,-77.48925,9.03873873873874,"Mid-Atlantic","VA"
"Virginia","Chesterfield",37.43467,-77.45118,8.87916666666667,"Mid-Atlantic","VA"
"Virginia","Virginia Beach City",36.841883,-76.181233,8.25768115942029,"Mid-Atlantic","VA"
"Virginia","Norfolk City",36.85555,-76.30135,8.14309392265193,"Mid-Atlantic","VA"
"Virginia","Salem City",37.297883,-80.081017,8.89272727272727,"Mid-Atlantic","VA"
"Virginia","Albemarle",38.07657,-78.50397,7.76583333333333,"Mid-Atlantic","VA"
"Virginia","Page",38.66373,-78.50442,8.32166666666667,"Mid-Atlantic","VA"
"Virginia","Alexandria City",38.810403,-77.04435,9.4,"Mid-Atlantic","VA"
"Virginia","Henrico",37.67132,-77.5664,8.29457364341085,"Mid-Atlantic","VA"
"Virginia","Hampton City",37.103733,-76.387017,7.69583333333333,"Mid-Atlantic","VA"
"Washington","Snohomish",47.8064,-122.3167,4.89317001809955,"Northwest","WA"
"Washington","Chelan",47.43061,-120.34195,10.2121252222222,"Northwest","WA"
"Washington","Whatcom",48.76278,-122.44028,4.08510643076923,"Northwest","WA"
"Washington","King",47.568236,-122.308628,5.97407839754601,"Northwest","WA"
"Washington","Snohomish",48.054315,-122.171529,7.12541283499547,"Northwest","WA"
"Washington","King",47.55975,-122.338265,9.76033020718232,"Northwest","WA"
"Washington","Kitsap",47.592675,-122.627397,4.4581411318328,"Northwest","WA"
"Washington","King",47.386111,-122.230278,6.4855346893617,"Northwest","WA"
"Washington","Yakima",46.598056,-120.499167,10.3512569179487,"Northwest","WA"
"Washington","Snohomish",48.2469,-121.6031,6.01772118508287,"Northwest","WA"
"Washington","Pierce",47.1864,-122.4517,7.31194635117773,"Northwest","WA"
"Washington","Spokane",47.672482,-117.364852,7.85,"Northwest","WA"
"Washington","Clark",45.648333,-122.586944,6.90997239148936,"Northwest","WA"
"West Virginia","Marion",39.481483,-80.134667,10.3303278688525,"Mid-Atlantic","WV"
"West Virginia","Berkeley",39.448006,-77.964125,11.3719298245614,"Mid-Atlantic","WV"
"West Virginia","Brooke",40.394583,-80.612017,10.8465753424658,"Mid-Atlantic","WV"
"West Virginia","Harrison",39.278117,-80.34225,9.70434782608696,"Mid-Atlantic","WV"
"West Virginia","Raleigh",37.807767,-81.197433,8.32644628099174,"Mid-Atlantic","WV"
"West Virginia","Brooke",40.341023,-80.596635,11.2512396694215,"Mid-Atlantic","WV"
"West Virginia","Marshall",39.915961,-80.733858,11.804132231405,"Mid-Atlantic","WV"
"West Virginia","Hancock",40.421539,-80.580717,10.065,"Mid-Atlantic","WV"
"West Virginia","Kanawha",38.3456,-81.628317,9.7957264957265,"Mid-Atlantic","WV"
"West Virginia","Cabell",38.424133,-82.4259,10.6687943262411,"Mid-Atlantic","WV"
"West Virginia","Ohio",40.114876,-80.700972,10.4391666666667,"Mid-Atlantic","WV"
"West Virginia","Kanawha",38.366183,-81.693717,10.8241379310345,"Mid-Atlantic","WV"
"West Virginia","Wood",39.323533,-81.552367,10.3099099099099,"Mid-Atlantic","WV"
"West Virginia","Monongalia",39.649367,-79.920867,8.84601769911504,"Mid-Atlantic","WV"
"Wisconsin","Ozaukee",43.49806,-87.81,8.94406779661017,"Central","WI"
"Wisconsin","Dane",43.100838,-89.357298,9.40983606557377,"Central","WI"
"Wisconsin","Milwaukee",43.016667,-87.933333,10.6991596638655,"Central","WI"
"Wisconsin","Taylor",45.2066,-90.5972,7.62168672289157,"Central","WI"
"Wisconsin","Eau Claire",44.761,-91.143,8.04827586206897,"Central","WI"
"Wisconsin","Vilas",46.052,-89.653,5.34423076923077,"Central","WI"
"Wisconsin","La Crosse",43.7775,-91.2269,8.23666666666667,"Central","WI"
"Wisconsin","Waukesha",43.020075,-88.21507,10.5147540983607,"Central","WI"
"Wisconsin","Sauk",43.4351,-89.6797,8.28068983128834,"Central","WI"
"Wisconsin","Grant",42.693,-90.698,9.15847457627119,"Central","WI"
"Wisconsin","Dane",43.0733,-89.4358,9.31228070175439,"Central","WI"
"Wisconsin","Milwaukee",42.93056,-87.932104,10.4603448275862,"Central","WI"
"Wisconsin","Brown",44.50729,-87.99344,8.76164021164021,"Central","WI"
"Wisconsin","Forest",45.563,-88.8088,6.0034255546875,"Central","WI"
"Wisconsin","Ashland",46.602,-90.656,5.29217391304348,"Central","WI"
"Wisconsin","Kenosha",42.504722,-87.8093,9.42649572649573,"Central","WI"
"Wisconsin","Milwaukee",43.039871,-87.920794,9.82677165354331,"Central","WI"
"Wisconsin","Dodge",43.466111,-88.621111,8.92068965517241,"Central","WI"
"Wisconsin","Milwaukee",43.060975,-87.913504,10.1034090909091,"Central","WI"
"Wisconsin","Outagamie",44.30738,-88.395178,8.83903225806452,"Central","WI"
"Wyoming","Sublette",42.98,-110.353,4.64350024010914,"Northwest","WY"
"Wyoming","Laramie",41.182227,-104.778334,4.27248393648817,"Northwest","WY"
"Wyoming","Sublette",42.870531,-109.860957,5.32264150943396,"Northwest","WY"
"Wyoming","Park",44.532426,-109.072975,5.17844827586207,"Northwest","WY"
"Wyoming","Sweetwater",41.591613,-109.220722,7.24634146341463,"Northwest","WY"
"Wyoming","Sublette",42.869824,-109.87076,7.12462252478839,"Northwest","WY"
"Wyoming","Natrona",42.851064,-106.325088,5.6957264957265,"Northwest","WY"
"Wyoming","Teton",43.47808,-110.76118,6.4972972972973,"Northwest","WY"
"Wyoming","Sublette",42.486361,-110.098861,7.25504667417417,"Northwest","WY"
"Wyoming","Campbell",44.502675,-105.539763,5.72940698187311,"Northwest","WY"
"Wyoming","Campbell",44.265833,-105.504167,3.25524305921053,"Northwest","WY"
"Wyoming","Campbell",43.6483,-105.2133,4.82677618128655,"Northwest","WY"
"Wyoming","Sweetwater",41.588717,-109.760975,6.04484304932735,"Northwest","WY"
"Wyoming","Campbell",44.097074,-105.343164,8.71392038383838,"Northwest","WY"
"Wyoming","Converse",42.766972,-105.303528,3.55500813793103,"Northwest","WY"
"Wyoming","Converse",43.426621,-105.386453,5.74401802843602,"Northwest","WY"
"Wyoming","Sheridan",44.815142,-106.955933,7.69480519480519,"Northwest","WY"
"Wyoming","Laramie",41.139976,-104.817801,5.29240506329114,"Northwest","WY"
"Wyoming","Sheridan",44.805494,-106.976243,4.35744680851064,"Northwest","WY"
"Wyoming","Fremont",43.258556,-108.578889,2.47343167582418,"Northwest","WY"
"Wyoming","Albany",41.311586,-105.591725,5.54571428571429,"Northwest","WY"
"Wyoming","Fremont",42.841049,-108.736277,8.07087378640777,"Northwest","WY"
"Wyoming","Sheridan",44.795508,-106.958569,7.11147540983607,"Northwest","WY"
"District of Columbia",NA,NA,NA,NA,"Mid-Atlantic","DC"
"Illinois",NA,NA,NA,NA,"Central","IL"
"Maine",NA,NA,NA,NA,"Northeast","ME"
